<?xml version="1.0"?>
<!--<!DOCTYPE metadata SYSTEM "http://www.esri.com/metadata/esriprof80.dtd">-->
<metadata xml:lang="en"><Esri><CreaDate>20040517</CreaDate><CreaTime>13391000</CreaTime><SyncOnce>TRUE</SyncOnce><MetaID>{E061B504-2E7C-4E29-83E0-DBF38A153471}</MetaID></Esri><idinfo><citation><citeinfo><onlink Sync="TRUE">\\D62ZG411\C\Cursos2004\Data\assign2\geologia</onlink></citeinfo></citation></idinfo><distInfo><distributor><distorTran><onLineSrc><linkage Sync="TRUE">file://\\D62ZG411\C\Cursos2004\Data\assign2\geologia</linkage><protocol Sync="TRUE">Local Area Network</protocol></onLineSrc></distorTran></distributor></distInfo><dataqual><lineage><procstep><procdesc Sync="TRUE">Dataset copied.</procdesc><srcused Sync="TRUE">C:\Cursos2004\Working\geologia</srcused><date Sync="TRUE">20040517</date><time Sync="TRUE">12362100</time></procstep><procstep><procdesc Sync="TRUE">Dataset copied.</procdesc><srcused Sync="TRUE">C:\Cursos2004\Working\assign2LIEY\geologia</srcused><date Sync="TRUE">20040517</date><time Sync="TRUE">13391000</time></procstep></lineage></dataqual></metadata>
