<?xml version="1.0"?>
<!--<!DOCTYPE metadata SYSTEM "http://www.esri.com/metadata/esriprof80.dtd">-->
<metadata xml:lang="en"><Esri><CreaDate>20040517</CreaDate><CreaTime>13485300</CreaTime><SyncOnce>TRUE</SyncOnce><MetaID>{1E698D1A-40CB-496A-87F9-98D95653488A}</MetaID></Esri><idinfo><citation><citeinfo><onlink Sync="TRUE">\\D62ZG411\C\Cursos2004\Data\assign2\reservas_yungas_f3</onlink></citeinfo></citation></idinfo><distInfo><distributor><distorTran><onLineSrc><linkage Sync="TRUE">file://\\D62ZG411\C\Cursos2004\Data\assign2\reservas_yungas_f3</linkage><protocol Sync="TRUE">Local Area Network</protocol></onLineSrc></distorTran></distributor></distInfo><dataqual><lineage><procstep><procdesc Sync="TRUE">Dataset copied.</procdesc><srcused Sync="TRUE">C:\Cursos2004\Data\Argentina\LIEY\reservas_yungas_f3</srcused><date Sync="TRUE">20040517</date><time Sync="TRUE">13485300</time></procstep></lineage></dataqual></metadata>
