<?xml version="1.0"?>
<!--<!DOCTYPE metadata SYSTEM "http://www.esri.com/metadata/esriprof80.dtd">-->
<metadata xml:lang="en"><Esri><CreaDate>20040517</CreaDate><CreaTime>13485700</CreaTime><SyncOnce>TRUE</SyncOnce><MetaID>{C8BFFC58-D927-4AAF-9B20-E8090CE35355}</MetaID></Esri><idinfo><citation><citeinfo><onlink Sync="TRUE">\\D62ZG411\C\Cursos2004\Data\assign2\reservas_noa_f3</onlink></citeinfo></citation></idinfo><distInfo><distributor><distorTran><onLineSrc><linkage Sync="TRUE">file://\\D62ZG411\C\Cursos2004\Data\assign2\reservas_noa_f3</linkage><protocol Sync="TRUE">Local Area Network</protocol></onLineSrc></distorTran></distributor></distInfo><dataqual><lineage><procstep><procdesc Sync="TRUE">Dataset copied.</procdesc><srcused Sync="TRUE">C:\Cursos2004\Data\Argentina\LIEY\reservas_noa_f3</srcused><date Sync="TRUE">20040517</date><time Sync="TRUE">13485700</time></procstep></lineage></dataqual></metadata>
