<?xml version="1.0"?>
<!--<!DOCTYPE metadata SYSTEM "http://www.esri.com/metadata/esriprof80.dtd">-->
<metadata xml:lang="en"><Esri><CreaDate>20040517</CreaDate><CreaTime>13384800</CreaTime><SyncOnce>TRUE</SyncOnce><MetaID>{9D243C58-9559-4612-BB0B-2A88970C504F}</MetaID></Esri><idinfo><citation><citeinfo><onlink Sync="TRUE">\\D62ZG411\C\Cursos2004\Data\assign2\caminos_zona3</onlink></citeinfo></citation></idinfo><distInfo><distributor><distorTran><onLineSrc><linkage Sync="TRUE">file://\\D62ZG411\C\Cursos2004\Data\assign2\caminos_zona3</linkage><protocol Sync="TRUE">Local Area Network</protocol></onLineSrc></distorTran></distributor></distInfo><dataqual><lineage><procstep><procdesc Sync="TRUE">Dataset copied.</procdesc><srcused Sync="TRUE">C:\Cursos2004\Working\assign2LIEY\caminos_zona3</srcused><date Sync="TRUE">20040517</date><time Sync="TRUE">13384800</time></procstep></lineage></dataqual></metadata>
