<?xml version="1.0"?>
<!--<!DOCTYPE metadata SYSTEM "http://www.esri.com/metadata/esriprof80.dtd">-->
<metadata xml:lang="en"><Esri><CreaDate>20040517</CreaDate><CreaTime>14534700</CreaTime><SyncOnce>TRUE</SyncOnce><MetaID>{5913EFEF-34E7-4DA2-A0DA-B3D09A322185}</MetaID></Esri><idinfo><citation><citeinfo><onlink Sync="TRUE"></onlink></citeinfo></citation></idinfo><distInfo><distributor><distorTran><onLineSrc><linkage Sync="TRUE">file://</linkage><protocol Sync="TRUE">Local Area Network</protocol></onLineSrc></distorTran></distributor></distInfo><dataqual><lineage><procstep><procdesc Sync="TRUE">Dataset copied.</procdesc><srcused Sync="TRUE">C:\Cursos2004\Working\assign2LIEY\caminos_zona3</srcused><date Sync="TRUE">20040517</date><time Sync="TRUE">13384800</time></procstep><procstep><procdesc Sync="TRUE">Dataset copied.</procdesc><srcused Sync="TRUE"></srcused><date Sync="TRUE">20040517</date><time Sync="TRUE">14534700</time></procstep></lineage></dataqual></metadata>
