<?xml version="1.0"?>
<!--<!DOCTYPE metadata SYSTEM "http://www.esri.com/metadata/esriprof80.dtd">-->
<metadata xml:lang="en"><Esri><CreaDate>20040517</CreaDate><CreaTime>13474800</CreaTime><SyncOnce>TRUE</SyncOnce><MetaID>{17E79D17-593F-46DF-8E20-6A4C5CE11A71}</MetaID></Esri><idinfo><citation><citeinfo><onlink Sync="TRUE">\\D62ZG411\C\Cursos2004\Data\assign2\SaltaSuroeste</onlink></citeinfo></citation></idinfo><distInfo><distributor><distorTran><onLineSrc><linkage Sync="TRUE">file://\\D62ZG411\C\Cursos2004\Data\assign2\SaltaSuroeste</linkage><protocol Sync="TRUE">Local Area Network</protocol></onLineSrc></distorTran></distributor></distInfo><dataqual><lineage><procstep><procdesc Sync="TRUE">Dataset copied.</procdesc><srcused Sync="TRUE">C:\Cursos2004\Working\assign2LIEY\SaltaSuroeste</srcused><date Sync="TRUE">20040517</date><time Sync="TRUE">13474800</time></procstep></lineage></dataqual></metadata>
